Valsts;janvāris;februāris;marts;aprīlis;maijs;jūnijs;jūlijs;augusts;septembris;oktobris;novembris;decembris;KOPĀ;gads
LV Vidzeme;112;82;493;388;1012;725;1062;1214;1275;1192;393;118;8066;2014
LV Latgale;0;6;27;49;275;79;97;230;244;385;21;3;1416;2014
LV Zemgale;45;4;10;43;257;155;207;166;148;305;43;6;1389;2014
LV Kurzeme;6;0;6;0;185;85;183;136;102;185;22;9;919;2014
LV Cēsis;206;233;62;229;265;221;144;303;172;95;332;159;2421;2014
LV Rīga;106;174;315;490;1920;1045;1431;2132;2040;1313;476;194;11636;2014
Kopā Latvija;475;499;913;1199;3914;2310;3124;4181;3981;3475;1287;489;25847;2014
Igaunija;10;24;109;95;339;461;842;677;135;111;56;28;2887;2014
Lietuva;118;20;3;91;201;250;377;356;118;309;44;42;1929;2014
Krievija;1363;51;230;166;658;798;747;939;322;159;334;115;5882;2014
Ukraina;0;0;5;9;12;9;27;20;2;8;8;4;104;2014
Baltkrievija;;;;6;;5;7;9;5;;;3;35;2014
Somija;8;4;2;2;11;40;98;29;37;39;1;0;271;2014
Zviedrija;0;0;3;2;14;16;31;12;13;2;12;2;107;2014
Norvēģija;4;0;34;3;12;10;91;15;23;7;0;0;199;2014
Dānija/Islande;3;0;1;5;27;19;32;99;14;2;0;0;202;2014
Beļģija;0;0;0;1;5;10;70;20;12;3;1;0;122;2014
Nīderlande;2;1;0;1;45;33;140;105;38;5;0;6;376;2014
Francija;12;7;10;80;67;202;208;225;153;6;12;4;986;2014
Vācija;30;7;12;37;285;975;1093;1368;502;55;54;27;4445;2014
Polija;2;9;1;9;128;85;117;199;26;4;2;0;582;2014
Čehija;0;0;7;9;18;7;36;40;13;1;3;4;138;2014
Spānija;0;6;5;23;53;103;155;325;85;20;6;6;787;2014
Portugāle;0;1;0;0;5;36;6;14;2;1;0;0;65;2014
Itālija;3;7;11;39;30;70;31;318;17;4;21;1;552;2014
Grieķija;2;6;;3;;;;8;4;;2;;25;2014
Lielbritānija/īrija;7;8;18;26;53;106;91;169;59;33;22;2;594;2014
Austrija;2;1;0;3;7;23;48;43;43;7;1;0;178;2014
Šveice;0;0;0;4;18;45;81;43;9;3;0;0;203;2014
Slovākija;;;;;;4;3;13;;3;;;23;2014
Slovēnija;;;;;;3;8;5;1;;3;;20;2014
Rumānija;;;;;;5;8;5;1;4;;4;27;2014
Ungārija;12;;;;1;11;6;17;5;;2;;54;2014
Bulgārija;;;;;8;;7;;8;;;;23;2014
ASV;0;11;2;29;229;351;335;362;351;110;65;15;1860;2014
Kanāda;;;;;;;;;;;;;0;2014
Austrālija;3;3;4;2;18;61;84;62;32;10;0;2;281;2014
Jaunzēlande;;;;;;;;2;;;;;2;2014
Japāna;0;1;3;3;4;19;92;20;36;107;0;7;292;2014
Ķīna;;;2;;7;17;91;30;5;13;9;;174;2014
Indija;;;;;1;9;10;6;5;;2;;33;2014
Izraēla;0;0;2;3;;27;21;10;5;5;;0;73;2014
Turcija;0;2;0;14;3;47;74;114;59;31;;3;347;2014
Koreja;;;;;;6;;23;6;8;;;43;2014
Brazīlija;;;6;4;6;5;;7;8;3;;2;41;2014
Āzija;5;7;;9;;3;9;7;21;22;1;6;90;2014
Dienvidkoreja;;;;;18;;;;3;;1;;22;2014
Uzbekistāna;;;;;;;;;;;;;0;2014
Kazahstāna;;8;2;;;4;;10;;1;;;25;2014
Taizeme;;;;;2;;;;;;;;2;2014
Kirgīzija;;;;;;;;;;;;;0;2014
Gruzija;;16;;;1;;;;;;;4;21;2014
Armēnija;;;;;;;;6;13;12;;;31;2014
Ēģipte;;;;;;;;;;;;;0;2014
Maroka;;;;;;;;;;;;;0;2014
Lībija;;;;;;;;;;;;;0;2014
Argentīna;;;;;1;;;9;;4;;;14;2014
Indonēzija;;;;;;5;;4;;;;;9;2014
AAE;;;;;;2;;2;;;;;4;2014
Meksika;;;;;;3;8;;;;1;;12;2014
Moldāvija;;;;;;;;;;;;;0;2014
Malta;;4;;;;5;;;2;;;;11;2014
Horvātija;21;;;;;;;;;;;;21;2014
Maķedonija;;;;;;;;;;;;;0;2014
Honkonga;;;;;6;;19;;;3;;;28;2014
Taivāna;;;;;;;;6;2;7;;;15;2014
Tanzānija;;;;;;;;;;;;;0;2014
Panama;;;;;;;;;;;;;0;2014
Kipra;;;;;;;;;;;;;0;2014
Nigērija;;;;;;;;;;;;;0;2014
Lihtenšteina;;;;3;;;;;;;;;3;2014
Luksemburga;;;;;;;;6;;;;;6;2014
Gvatemala;;;;;;;;;;;;;0;2014
Azerbaidžāna;;;;;;3;;2;;6;;;11;2014
Urugvaja;;;;;;;;;;;;;0;2014
Šrilanka;;;;;;;;;;;;;0;2014
Gvatemala;;;;;;;;;;;;;0;2014
Ekvadora;;;;;;;;;;;;;0;2014
Peru;;;;;;;5;;;;;;5;2014
Katara;;;;;;;;;;;;;0;2014
Tunisija;;;;;;;;1;;;;;1;2014
Singapūra;;;;;12;;15;;;;;;27;2014
Sīrija;;;;;;;;;;;;;0;2014
Islande;;;;;2;;;;;10;;;12;2014
Filipīnas;;;;;;;;;;;;;0;2014
Jemena;;;;;3;;;;;;;;3;2014
Dienvidāfrika;;;;2;;8;;;2;;;;12;2014
Madagaskara;;;;;;6;;;;;;;6;2014
Malaizija;;;;;1;;;;8;;;;9;2014
Vjetnama;;;;;;;13;2;;;;;15;2014
Omāna;;;;;;;7;;;;;;7;2014
Venecuēla;;;;;;;;;;;;;0;2014
Kolumbija;1;;;;2;;5;;;;;;8;2014
Moldova;;;;;;;;;;4;;;4;2014
CITA valsts;0;;;;;7;60;53;13;2;9;13;157;2014
Cilvēku skaits kopā;2083;703;1385;1882;6227;6224;8332;9998;6199;4619;1959;789;50400;2014
LV Vidzeme;97;112;212;389;1422;879;1238;972;1059;1653;603;223;8859;2015
LV Latgale;7;3;5;63;573;83;222;181;356;212;43;28;1776;2015
LV Zemgale;12;0;40;11;331;230;242;145;207;329;44;22;1613;2015
LV Kurzeme;0;3;21;10;136;163;378;251;184;215;19;2;1382;2015
LV Cēsis;81;289;87;177;205;268;310;130;286;276;335;133;2577;2015
LV Rīga;228;319;513;577;1653;1094;1807;1260;2333;1775;442;212;12213;2015
Kopā Latvija;425;726;878;1227;4320;2717;4197;2939;4425;4460;1486;620;28420;2015
Igaunija;62;161;37;87;405;402;1197;830;245;294;245;15;3980;2015
Lietuva;38;29;60;238;460;315;478;296;130;210;56;13;2323;2015
Krievija;526;126;157;184;503;388;823;612;271;332;119;109;4150;2015
Ukraina;2;4;0;5;8;17;31;12;7;9;29;5;129;2015
Baltkrievija;0;0;0;0;2;12;19;14;8;0;3;42;100;2015
Somija;7;2;20;10;13;35;118;77;39;8;4;6;339;2015
Zviedrija;8;24;0;17;6;10;38;4;7;0;21;0;135;2015
Norvēģija;6;5;8;36;21;57;16;21;1;3;13;0;187;2015
Dānija/Islande;0;2;0;1;39;24;48;9;0;3;0;0;126;2015
Beļģija;1;14;0;44;7;44;79;39;23;4;2;65;322;2015
Nīderlande;6;2;2;11;55;86;132;85;69;28;2;4;482;2015
Francija;16;6;14;12;44;339;189;236;160;10;14;19;1059;2015
Vācija;24;19;27;84;425;1099;1372;1373;607;106;31;30;5197;2015
Polija;4;13;0;1;51;57;75;108;64;50;7;0;430;2015
Čehija;0;2;30;0;23;21;19;26;7;10;4;2;144;2015
Spānija;7;7;6;30;24;110;224;387;293;20;6;7;1121;2015
Portugāle;2;2;1;2;0;7;94;20;0;6;4;0;138;2015
Itālija;10;34;4;15;23;28;137;467;75;16;7;8;824;2015
Grieķija;6;0;2;1;0;13;5;0;1;0;0;0;28;2015
Lielbritānija/īrija;20;15;8;25;77;106;243;191;159;47;34;22;947;2015
Austrija;0;0;3;27;28;24;104;48;18;8;1;4;265;2015
Šveice;3;0;2;3;8;42;132;49;37;34;2;1;313;2015
Slovākija;0;2;0;4;1;4;8;7;0;2;0;0;28;2015
Slovēnija;0;0;0;0;42;0;18;5;4;0;0;0;69;2015
Rumānija;0;0;3;0;6;1;6;17;0;0;2;7;42;2015
Ungārija;0;10;0;0;0;2;48;9;2;1;0;0;72;2015
Bulgārija;0;0;0;0;0;0;3;2;0;3;0;0;8;2015
ASV;10;3;15;46;158;233;233;288;227;175;39;18;1445;2015
Kanāda;3;0;0;0;6;21;19;19;6;6;0;2;82;2015
Austrālija;15;1;0;2;23;93;73;21;53;12;10;9;312;2015
Jaunzēlande;3;0;0;0;1;2;28;4;6;0;0;0;44;2015
Japāna;1;0;0;4;32;27;18;43;16;13;0;1;155;2015
Ķīna;5;6;4;1;16;30;50;21;61;31;1;0;226;2015
Indija;0;0;0;1;4;1;4;2;4;20;0;0;36;2015
Izraēla;2;0;0;0;0;3;14;26;13;3;0;5;66;2015
Turcija;0;1;0;0;57;22;101;93;95;0;0;0;369;2015
Koreja;3;0;0;0;20;4;11;20;5;0;0;0;63;2015
Brazīlija;3;0;0;0;1;0;11;3;1;2;0;0;21;2015
Āzija;0;0;0;19;;;;;;;6;;25;2015
Dienvidkoreja;;;;;;;;1;;;;;1;2015
Uzbekistāna;;;;3;;;;;;;;;3;2015
Kazahstāna;;;;;;;;;;13;;1;14;2015
Taizeme;;;;4;4;2;13;;7;;;;30;2015
Kirgīzija;;;;4;;;;;;;;;4;2015
Gruzija;;;1;7;27;;24;4;19;;;;82;2015
Armēnija;;;;;;;5;;;;;;5;2015
Ēģipte;;;;;2;;;;;;;;2;2015
Maroka;;;;;;;;;;2;;;2;2015
Lībija;;;;;;;;;;2;;;2;2015
Argentīna;;;;;2;5;10;3;;;;;20;2015
Indonēzija;;;;;1;3;;;;;;;4;2015
AAE;;;;;;;2;2;;;;;4;2015
Meksika;;;;;5;;;;5;6;;4;20;2015
Moldāvija;;;;;1;;3;;;5;;;9;2015
Malta;;;;;;;;4;;;;;4;2015
Horvātija;;;;;;;;4;;;;;4;2015
Maķedonija;;;;;;;;5;;2;;;7;2015
Honkonga;;;;;2;;;;;;;;2;2015
Taivāna;;;;;;9;;;;;;;9;2015
Tanzānija;;;;;;;;6;;;;;6;2015
Panama;;;;;;2;;;;4;;;6;2015
Kipra;;;;;;4;;;;;;;4;2015
Nigērija;;;;;;3;;;;2;;;5;2015
Luksemburga;;;;;;6;4;4;;;;;14;2015
Gvatemala;;;;;;3;2;;;;;;5;2015
Azerbaidžāna;;;;;;;3;;;;;;3;2015
Urugvaja;;;;;;2;;;;;;;2;2015
Šrilanka;;;;;;;5;;;;;;5;2015
Gvatemala;;;;;;;;;;;;;0;2015
Ekvadora;;;;;;;;;;5;;;5;2015
Peru;;;;;;;1;2;2;;;;5;2015
Katara;;;;;;;4;;;;;;4;2015
Tunisija;;;;;;;5;;;;;;5;2015
Singapūra;;;;;;;9;;;;;;9;2015
Sīrija;;;;;;;;;1;;;;1;2015
Filipīnas;;;;;;;;;;;;2;2;2015
CITA valsts;;;;;;;;;;;;;0;2015
Cilvēku skaits kopā;1218;1216;1282;2155;6953;6435;10505;8458;7173;5967;2148;1021;54531;2015
LV Vidzeme;153;129;320;529;1600;631;1214;1065;1016;682;155;99;7593;2016
LV Latgale;17;15;58;121;368;179;462;200;287;183;42;78;2010;2016
LV Zemgale;12;1;90;142;287;131;420;234;276;195;22;7;1817;2016
LV Kurzeme;34;19;55;56;240;225;424;386;175;232;51;9;1906;2016
LV Cēsis;45;411;162;289;520;308;290;206;221;189;542;77;3260;2016
LV Rīga;198;439;650;769;1913;1130;2625;1781;1837;1524;296;314;13476;2016
LV kopā;459;1014;1335;1906;4928;2604;5435;3872;3812;3005;1108;584;30062;2016
Igaunija;59;35;140;126;575;828;1567;888;275;228;117;45;4883;2016
Lietuva;12;18;98;129;293;390;578;643;410;105;51;27;2754;2016
Krievija;540;45;242;135;512;371;783;942;253;186;243;140;4392;2016
Ukraina;6;7;0;14;36;40;30;40;27;8;5;19;232;2016
Baltkrievija;8;11;57;49;44;22;16;52;25;65;20;2;371;2016
Somija;4;14;7;4;81;103;183;50;33;19;8;4;510;2016
Zviedrija;4;0;5;3;7;30;57;30;7;7;2;1;153;2016
Norvēģija;2;0;1;2;3;15;61;17;6;2;0;0;109;2016
Dānija/Islande;0;1;6;6;18;67;112;67;42;2;3;2;326;2016
Beļģija;4;2;10;4;22;23;115;83;46;1;14;1;325;2016
Nīderlande;1;0;20;40;34;80;161;163;57;13;4;3;576;2016
Francija;3;16;6;88;114;232;223;338;251;45;20;12;1348;2016
Vācija;23;31;65;62;409;1094;1258;1295;509;103;36;15;4900;2016
Polija;7;4;12;32;106;86;211;297;64;20;10;1;850;2016
Čehija;3;2;21;32;8;33;123;90;10;14;5;0;341;2016
Spānija;4;6;29;24;31;65;229;544;125;44;13;36;1150;2016
Portugāle;0;0;3;22;1;8;6;21;9;39;2;2;113;2016
Itālija;3;11;12;80;56;237;223;438;12;36;9;11;1128;2016
Grieķija;2;2;0;3;2;1;4;7;2;1;0;7;31;2016
Lielbritānija/īrija;21;21;34;44;82;148;260;255;179;77;21;43;1185;2016
Austrija;0;21;10;0;41;33;49;60;18;11;4;0;247;2016
Šveice;0;0;0;6;18;45;180;143;40;11;0;1;444;2016
Slovākija;0;0;1;3;11;7;20;22;0;5;3;0;72;2016
Slovēnija;0;0;0;47;0;0;19;18;36;0;0;0;120;2016
Rumānija;1;0;0;18;0;2;4;11;4;4;1;3;48;2016
Ungārija;0;0;5;2;4;3;71;100;5;7;6;0;203;2016
Bulgārija;0;0;0;0;2;1;6;5;1;1;0;3;19;2016
ASV;9;8;30;113;240;360;312;418;377;153;9;11;2040;2016
Kanāda;2;0;8;0;29;60;33;43;29;20;1;1;226;2016
Austrālija;11;8;4;12;25;59;65;71;56;16;7;15;349;2016
Jaunzēlande;0;0;2;0;4;3;5;15;10;0;0;0;39;2016
Japāna;2;3;2;6;18;57;14;37;20;16;0;2;177;2016
Ķīna;28;1;7;16;67;36;61;66;29;23;3;0;337;2016
Indija;0;0;0;0;15;2;7;8;6;6;0;0;44;2016
Izraēla;4;0;0;6;14;27;62;129;19;24;0;0;285;2016
Turcija;1;7;2;3;2;2;23;3;6;22;6;4;81;2016
Koreja;0;0;0;9;3;52;27;31;17;13;8;1;161;2016
Brazīlija;3;20;1;2;6;;4;7;2;6;1;0;52;2016
Āzija;;8;2;;;;0;0;0;0;0;0;10;2016
Dienvidkoreja;;;;;;;;;;;0;;0;2016
Uzbekistāna;;;3;;2;3;7;0;8;4;0;0;27;2016
Kazahstāna;2;;;;2;;5;4;0;0;0;1;14;2016
Taizeme;;;;5;;9;3;3;0;0;0;1;21;2016
Kirgīzija;;;;;;;;3;1;;0;;4;2016
Gruzija;;;3;;3;2;1;5;9;3;2;2;30;2016
Armēnija;;;;;;;4;6;0;1;0;0;11;2016
Ēģipte;;;;;;;;;1;0;0;0;1;2016
Maroka;;;;;;;;;;1;1;1;3;2016
Irāna;;;2;;5;1;0;;0;4;2;0;14;2016
Lībija;;;;;;;;;;;;;0;2016
Argentīna;;;3;;1;3;9;6;0;2;0;2;26;2016
Indonēzija;;1;2;;1;;0;;0;2;0;0;6;2016
AAE;;;;;;;;;;;;;0;2016
Meksika;;1;1;;1;11;10;12;1;4;0;1;42;2016
Moldāvija;;;;;;26;0;13;0;2;0;3;44;2016
Malta;;;;2;;4;3;0;0;;0;0;9;2016
Horvātija;;;;;;3;1;3;0;4;0;0;11;2016
Maķedonija;;;;;;;;;;;;;0;2016
Serbija;;;1;;;2;0;0;;1;;0;4;2016
Honkonga;;;4;;3;3;5;7;2;7;;5;36;2016
Taivāna;;;;;;5;11;2;4;1;2;0;25;2016
Malaizija;;;2;1;0;3;0;3;0;;;0;9;2016
Panama;;;;;;;;;;;;;0;2016
Kipra;;;8;7;1;;1;0;;3;;0;20;2016
Nigērija;;;;;;;;;;;;;0;2016
Luksemburga;;;;;;2;6;1;2;2;;0;13;2016
Gvatemala;;;;;;;;;;;;;0;2016
Azerbaidžāna;;;;;;;;7;;;;0;7;2016
Urugvaja;;;;;;;;;;;;;0;2016
Šrilanka;;;;;;;;;;;;;0;2016
Ekvadora;;;;;;;3;2;0;;;;5;2016
Kolumbija;;;;;;;;;1;;;1;2;2016
Peru;;;;;;;;;;;;;0;2016
Katara;;;;;;;;;;;;;0;2016
Tunisija;;;;;;;;;;;;;0;2016
Singapūra;;;1;;2;8;2;5;4;;2;0;24;2016
Sīrija;;;;;;;;;;;;;0;2016
Pakistāna;;;;;;;1;1;0;;;0;2;2016
Nepāla;;;;;;;9;0;0;;;0;9;2016
Kuveita;;;;2;;;0;0;;;;0;2;2016
Filipīnas;;;1;;;;0;0;;;;0;1;2016
Vjetnama;;;;2;2;;0;1;;;;3;8;2016
Irāka;;;;1;;;0;0;;;5;0;6;2016
Laosa;;;;;3;;0;0;;;;0;3;2016
Bolīvija;;;;;1;;1;;;;;0;2;2016
Monako;;;;;;2;0;;;;;0;2;2016
D-āfrika;;;;;;;9;8;2;;;3;22;2016
CITA valsts;;;;;;;10;0;;;;0;10;2016
Cilvēku skaits kopā;1228;1318;2208;3068;7888;7313;12698;11411;6864;4399;1754;1019;61168;2016
LV Vidzeme;59;157;234;356;1390;809;1214;1309;940;1095;235;201;7999;2017
LV Latgale;6;0;9;88;290;81;254;269;206;305;33;15;1556;2017
LV Zemgale;5;18;4;47;335;223;497;265;95;152;17;20;1678;2017
LV Kurzeme;12;10;13;92;198;189;448;318;67;138;6;17;1508;2017
LV Cēsis;114;249;136;429;683;565;714;705;258;461;572;186;5072;2017
LV Rīga;249;317;358;745;2624;1187;2309;2188;2334;1833;610;279;15033;2017
LV kopā;445;751;754;1757;5520;3054;5436;5054;3900;3984;1473;718;32846;2017
Igaunija;72;56;43;125;257;529;1543;940;283;285;64;55;4252;2017
Lietuva;48;74;25;143;346;328;516;460;320;181;32;29;2502;2017
Krievija;658;163;94;236;644;385;947;1009;434;217;231;235;5253;2017
Ukraina;9;7;0;15;35;19;48;50;12;5;7;9;216;2017
Baltkrievija;4;0;6;5;11;4;38;11;0;3;2;8;92;2017
Somija;0;3;2;29;74;65;302;70;14;29;3;9;600;2017
Zviedrija;2;3;0;17;14;65;103;14;21;19;6;0;264;2017
Norvēģija;0;1;1;0;16;18;61;19;15;18;0;0;149;2017
Dānija/Islande/Fēru salas;9;4;6;6;31;17;138;54;14;6;19;3;307;2017
Beļģija;2;6;6;1;16;31;76;67;35;26;2;6;274;2017
Nīderlande;6;6;1;5;66;86;396;232;34;10;9;0;851;2017
Francija;17;5;16;31;100;328;380;444;209;25;14;26;1595;2017
Vācija;35;43;33;163;526;1235;1291;1596;688;151;32;23;5816;2017
Polija;3;4;0;11;107;126;188;320;35;6;7;2;809;2017
Čehija;0;10;3;7;26;48;84;120;3;7;6;0;314;2017
Spānija;18;22;12;85;48;113;266;678;121;69;21;38;1491;2017
Portugāle;0;1;0;3;2;28;5;22;3;29;2;3;98;2017
Itālija;12;25;13;21;25;128;142;576;101;9;5;13;1070;2017
Grieķija;2;0;0;1;0;5;19;4;4;8;5;3;51;2017
Lielbritānija;13;22;30;59;91;165;252;334;167;75;28;35;1271;2017
Austrija;0;0;2;10;40;36;72;92;113;10;5;5;385;2017
Šveice;2;7;0;5;32;49;366;277;48;17;3;4;810;2017
Slovākija;0;0;0;5;8;0;9;28;1;18;1;5;75;2017
Slovēnija;0;0;0;3;30;3;81;11;2;0;0;0;130;2017
Rumānija;2;0;0;2;7;2;4;14;4;1;1;0;37;2017
Ungārija;1;4;1;0;2;3;27;54;1;2;0;2;97;2017
Bulgārija;0;1;0;0;0;2;11;3;3;0;4;2;26;2017
ASV;7;17;39;24;243;367;438;606;452;296;22;35;2546;2017
Kanāda;1;2;3;4;81;79;63;52;172;29;7;6;499;2017
Austrālija;3;4;4;10;17;81;144;132;38;10;4;16;463;2017
Jaunzēlande;1;0;0;0;22;6;17;10;4;15;2;4;81;2017
Japāna;1;4;9;10;13;59;39;22;35;13;1;4;210;2017
Ķīna;0;5;2;6;73;114;90;148;64;70;0;9;581;2017
Indija;2;0;0;0;4;5;11;12;3;0;0;0;37;2017
Izraēla;2;10;0;13;15;12;90;99;31;8;2;1;283;2017
Turcija;7;0;0;4;35;3;4;4;10;7;0;0;74;2017
D-Koreja;3;2;1;1;11;42;33;49;40;25;5;2;214;2017
Brazīlija;1;2;2;0;8;22;27;12;4;4;4;4;90;2017
Honkonga;3;0;0;2;9;8;12;12;7;4;2;0;59;2017
Singapūra;1;0;1;4;10;7;1;6;3;2;2;4;41;2017
Āzija;0;0;0;0;0;0;0;0;0;0;1;0;1;2017
Indonēzija;0;0;0;0;0;3;0;18;0;0;0;0;21;2017
Kipra;2;0;0;0;0;1;15;4;2;0;0;0;24;2017
Gruzija;1;7;0;0;13;0;0;0;6;0;9;0;36;2017
Meksika;0;0;1;1;0;8;3;15;4;2;0;0;34;2017
Malaizija;0;0;0;1;0;1;1;0;2;9;0;0;14;2017
Malta;3;0;1;2;0;0;0;2;3;0;0;0;11;2017
Irāna;0;0;0;0;0;0;0;0;1;0;0;0;1;2017
Argentīna;1;0;0;2;4;4;14;13;9;4;2;3;56;2017
Filipīnas;0;0;0;0;0;0;0;1;0;0;0;0;1;2017
Kuveita;0;0;0;0;0;0;0;0;0;0;0;0;0;2017
Serbija;0;0;0;0;0;1;0;0;0;0;0;1;2;2017
Taizeme;0;4;0;18;12;0;0;2;0;0;0;0;36;2017
Uzbekistāna;1;0;0;0;0;0;0;0;0;0;0;4;5;2017
Vjetnama;0;0;0;0;0;2;0;0;4;0;0;0;6;2017
Laosa;0;0;0;0;0;0;0;0;0;0;0;0;0;2017
Kazahstāna;2;1;5;0;5;0;0;12;4;0;0;0;29;2017
Bolīvija;0;0;0;0;0;0;0;0;0;0;0;0;0;2017
Irāka;0;0;0;0;0;0;0;0;0;0;0;0;0;2017
Taivāna;1;0;0;2;3;1;13;1;8;21;3;3;56;2017
Maroka;0;0;0;1;0;0;0;0;0;0;0;0;1;2017
Moldova / Moldāvija;2;0;6;0;0;0;4;1;0;0;0;0;13;2017
Monako;0;0;0;0;0;0;0;2;0;0;0;0;2;2017
Horvātija;1;0;0;0;0;4;0;2;1;0;0;1;9;2017
Luksemburga;0;1;0;0;0;2;0;3;2;0;0;0;8;2017
Albānija;;;2;0;0;0;0;0;1;0;0;0;3;2017
Armēnija;1;0;0;0;3;0;5;5;1;0;2;0;17;2017
Azerbaidžāna;2;0;0;0;0;0;4;0;2;0;0;0;8;2017
Kirgiztāna;0;0;0;0;0;0;0;0;0;0;0;0;0;2017
Ekvadora;0;2;0;0;0;0;0;0;0;0;0;0;2;2017
Nepāla;0;0;0;0;2;0;0;0;0;0;0;1;3;2017
Pakistāna;0;0;0;0;0;0;1;0;1;0;2;0;4;2017
Ēģipte;0;0;0;0;0;0;0;3;0;0;0;0;3;2017
Kolumbija;0;0;0;0;1;0;1;0;0;0;0;0;2;2017
D-Āfrika;3;0;0;3;2;3;1;0;0;0;2;2;16;2017
Aruba sala;2;0;0;0;0;0;0;0;0;0;0;0;2;2017
Dominikāna;;1;0;0;0;0;0;0;0;0;0;0;1;2017
Venecuēla;;;3;0;0;0;0;2;0;0;0;0;5;2017
Čīle;;1;0;0;0;1;0;2;0;0;0;0;4;2017
Libāna;;;;;1;0;0;0;0;0;0;0;1;2017
Šrilanka;;;;2;0;0;0;0;1;0;0;0;3;2017
Apvienotie Arābu Emirāti;;;;;;;3;2;1;2;0;0;8;2017
Bosnija;;;;;;;;2;;;;;2;2017
CITA valsts;0;0;0;2;0;0;0;0;0;0;0;1;3;2017
Cilvēku skaits kopā;1414;1281;1127;2857;8661;7708;13835;13809;7501;5731;2054;1334;67312;2017
LV Vidzeme;317;123;284;358;1104;816;1064;1034;973;965;787;410;8235;2018
LV Latgale;10;14;27;59;202;171;303;184;102;438;22;7;1539;2018
LV Zemgale;50;5;43;65;205;149;140;148;158;178;0;0;1141;2018
LV Kurzeme;20;4;15;39;142;63;247;186;97;165;9;8;995;2018
LV Cēsis;230;391;120;223;493;347;374;508;559;265;558;98;4166;2018
LV Rīga;293;180;494;736;2144;1440;1890;2450;1967;2127;516;308;14545;2018
LV kopā;920;717;983;1480;4290;2986;4018;4510;3856;4138;1892;831;30621;2018
Igaunija;39;75;33;53;220;621;1441;1150;206;173;112;48;4171;2018
Lietuva;24;35;13;56;98;254;695;576;443;250;39;21;2504;2018
Krievija;1130;116;333;231;553;548;859;1028;365;236;375;365;6139;2018
Ukraina;13;7;24;17;31;11;63;49;13;50;12;33;323;2018
Baltkrievija;0;0;6;5;3;5;5;6;7;0;27;0;64;2018
Somija;4;8;26;21;12;50;155;60;9;12;0;22;379;2018
Zviedrija;3;6;5;11;8;43;76;96;56;8;7;13;332;2018
Norvēģija;6;2;13;3;4;17;42;46;8;24;4;0;169;2018
Dānija/Islande/Fēru salas;4;4;6;24;24;36;91;55;79;11;1;2;337;2018
Beļģija;1;8;5;14;21;42;111;50;32;3;4;0;291;2018
Nīderlande;4;2;2;14;113;85;143;244;37;20;2;4;670;2018
Francija;15;11;11;44;215;352;328;384;300;46;4;17;1727;2018
Vācija;22;28;53;86;450;949;1501;1347;406;112;21;23;4998;2018
Polija;1;11;7;22;244;153;206;272;88;23;8;19;1054;2018
Čehija;0;0;3;6;10;18;121;69;16;14;0;7;264;2018
Spānija;17;9;33;23;77;126;343;750;145;54;24;14;1615;2018
Portugāle;5;0;2;6;4;47;53;69;6;21;1;0;214;2018
Itālija;8;3;15;19;34;28;151;363;54;21;15;36;747;2018
Grieķija;2;0;3;12;7;3;9;17;3;16;0;0;72;2018
Lielbritānija;17;14;48;40;137;143;228;327;157;27;42;41;1221;2018
Austrija;0;3;2;7;5;66;87;195;48;0;10;57;480;2018
Šveice;0;3;3;32;75;167;219;243;18;29;0;4;793;2018
Slovākija;2;0;0;3;0;2;9;12;13;9;2;0;52;2018
Slovēnija;0;0;0;3;3;2;20;24;6;1;5;0;64;2018
Rumānija;0;0;10;0;4;0;8;9;0;0;6;0;37;2018
Ungārija;3;2;0;2;4;43;20;111;9;4;0;2;200;2018
Bulgārija;0;0;0;0;6;0;68;0;7;1;0;2;84;2018
ASV;8;16;43;71;400;348;608;626;631;332;32;18;3133;2018
Kanāda;3;2;39;66;102;78;121;61;43;17;8;0;540;2018
Austrālija;15;0;2;3;56;99;131;51;28;49;9;25;468;2018
Jaunzēlande;0;0;0;1;5;12;6;6;6;3;0;0;39;2018
Japāna;1;4;4;3;9;72;16;50;21;11;5;15;211;2018
Ķīna;5;4;0;15;34;183;118;93;101;140;16;13;722;2018
Indija;2;2;1;2;7;4;1;2;13;13;0;1;48;2018
Izraēla;0;2;8;8;10;20;82;69;61;14;1;4;279;2018
Turcija;8;1;0;5;3;9;16;2;9;12;0;23;88;2018
D-Koreja;4;4;11;10;18;75;88;67;73;22;2;3;377;2018
Brazīlija;0;21;0;0;14;9;8;6;3;0;1;0;62;2018
Honkonga;1;0;2;6;4;22;11;2;4;0;0;0;52;2018
Singapūra;0;0;2;0;13;15;3;8;4;0;0;7;52;2018
Āzija;0;0;0;0;0;0;0;1;0;0;0;0;1;2018
Indonēzija;0;0;0;0;0;5;0;0;0;0;2;0;7;2018
Kipra;0;0;0;0;0;1;4;8;2;0;3;0;18;2018
Gruzija;0;0;0;0;1;5;0;4;0;0;0;3;13;2018
Meksika;3;1;0;0;11;4;10;17;0;0;2;0;48;2018
Malaizija;0;0;4;0;6;3;0;0;0;0;2;4;19;2018
Malta;0;2;0;7;2;2;49;12;3;0;0;0;77;2018
Irāna;0;0;0;0;0;0;1;0;0;0;0;0;1;2018
Argentīna;0;0;0;0;5;3;18;8;0;1;0;0;35;2018
Filipīnas;0;0;0;0;0;0;1;0;0;8;0;0;9;2018
Kuveita;0;0;0;0;0;0;0;3;0;0;2;0;5;2018
Serbija;0;0;0;0;2;4;2;5;0;0;0;0;13;2018
Taizeme;0;0;5;3;1;0;2;1;0;0;0;0;12;2018
Uzbekistāna;0;0;0;0;0;0;2;0;0;0;3;0;5;2018
Vjetnama;0;0;0;0;0;0;0;0;0;11;0;0;11;2018
LaosA;0;0;0;0;0;0;0;0;0;0;0;0;0;2018
Kazahstāna;0;0;3;2;2;9;4;3;0;7;1;0;31;2018
Bolīvija;0;0;0;0;0;0;0;0;0;0;0;0;0;2018
Irāka;0;0;0;0;0;1;0;0;0;0;0;0;1;2018
Taivāna;0;1;0;0;15;14;13;41;2;4;4;0;94;2018
Maroka;0;0;0;0;0;0;4;0;0;0;4;0;8;2018
Moldova / Moldāvija;3;2;0;0;3;5;0;0;0;0;0;0;13;2018
Monako;0;0;1;0;0;0;0;0;0;0;2;0;3;2018
Horvātija;2;0;0;0;8;4;0;12;0;7;4;0;37;2018
Luksemburga;0;0;0;0;0;2;2;0;3;0;0;0;7;2018
Albānija;0;0;0;3;0;0;0;0;0;0;0;0;3;2018
Armēnija;0;0;0;0;0;6;0;0;0;3;0;0;9;2018
Azerbaidžāna;0;0;0;0;1;0;3;0;0;0;0;0;4;2018
Kirgiztāna;0;0;0;4;0;0;0;0;0;0;0;0;4;2018
Ekvadora;2;0;0;0;0;0;0;0;0;0;0;0;2;2018
Nepāla;0;0;0;0;0;0;0;0;0;0;0;0;0;2018
Pakistāna;0;0;0;0;0;0;0;0;0;0;0;0;0;2018
Ēģipte;0;0;0;0;2;0;0;0;0;3;4;0;9;2018
Kolumbija;1;0;0;0;2;0;0;0;4;0;0;0;7;2018
D-Āfrika;0;0;0;0;12;4;9;7;2;5;0;0;39;2018
Aruba sala;0;0;0;0;0;0;0;0;0;0;0;0;0;2018
Dominikāna;0;0;0;0;0;0;0;0;0;0;0;0;0;2018
Venecuēla;0;0;0;0;0;0;0;0;0;0;0;2;2;2018
Čīle;0;0;0;0;0;1;2;8;0;0;3;0;14;2018
Libāna;0;0;0;0;0;0;0;2;0;0;0;0;2;2018
Sīrija;0;0;2;0;0;2;0;0;0;0;0;0;4;2018
Šrilanka;0;0;0;0;0;0;0;0;0;0;0;0;0;2018
Īrija;0;0;0;0;1;4;32;18;2;4;6;4;71;2018
Apvienotie Arābu Emirāti;0;0;0;0;0;0;2;2;0;0;0;0;4;2018
CITA valsts;0;0;0;;;0;0;3;0;0;0;0;3;2018
Cilvēku skaits kopā;2298;1126;1766;2443;7401;7822;12439;13260;7402;5969;2729;1683;66338;2018
LV Vidzeme;107;275;165;685;1002;828;1091;1310;750;1567;519;341;8640;2019
LV Latgale;19;7;8;57;361;143;162;127;206;338;101;79;1608;2019
LV Zemgale;15;7;15;16;227;131;124;202;188;336;42;23;1326;2019
LV Kurzeme;15;9;25;88;198;68;350;226;165;150;46;19;1359;2019
LV Cēsis;106;317;124;125;426;429;686;608;510;466;556;85;4438;2019
LV Rīga;219;421;552;437;1247;1134;1632;1838;1446;1852;484;232;11494;2019
Kopā Latvija;481;1036;889;1408;3461;2733;4045;4311;3265;4709;1748;779;28865;2019
Igaunija;76;98;97;181;373;866;1403;1043;178;150;32;104;4601;2019
Lietuva;49;31;21;117;288;303;437;557;274;233;17;59;2386;2019
Krievija;1024;237;298;244;922;373;1030;944;324;272;375;248;6291;2019
Ukraina;5;9;11;8;40;25;75;96;19;19;11;15;333;2019
Baltkrievija;4;4;5;0;3;6;26;10;0;1;5;0;64;2019
Somija;0;14;5;28;25;95;286;71;21;26;5;8;584;2019
Zviedrija;1;0;2;4;21;72;282;29;11;3;0;0;425;2019
Norvēģija;1;2;2;15;27;14;78;22;12;0;3;2;178;2019
Dānija/Islande/Fēru salas;0;8;4;30;6;38;55;51;28;13;0;9;242;2019
Beļģija;0;0;8;11;38;18;178;85;27;12;2;0;379;2019
Nīderlande;1;79;12;17;17;60;173;277;31;22;8;21;718;2019
Francija;9;29;31;57;217;418;335;523;247;97;5;20;1988;2019
Vācija;11;31;45;109;358;1013;1584;1653;688;182;67;10;5751;2019
Polija;2;10;18;40;153;92;265;380;21;9;20;0;1010;2019
Čehija;0;0;3;22;8;15;75;124;29;6;4;2;288;2019
Spānija;16;13;23;119;52;65;170;732;162;75;28;39;1494;2019
Portugāle;1;2;9;2;11;2;28;19;10;3;4;12;103;2019
Itālija;6;0;86;37;104;73;182;532;90;26;67;22;1225;2019
Grieķija;0;4;2;0;0;0;4;42;2;5;13;2;74;2019
Lielbritānija;14;17;26;48;87;183;110;335;226;79;32;28;1185;2019
Austrija;2;3;0;55;66;37;100;187;11;10;0;7;478;2019
Šveice;4;0;0;3;27;82;173;147;22;4;1;2;465;2019
Slovākija;0;0;0;0;1;2;8;11;5;0;4;0;31;2019
Slovēnija;0;0;2;3;20;4;8;8;1;3;0;0;49;2019
Rumānija;0;2;9;0;1;4;9;31;20;3;0;5;84;2019
Ungārija;0;0;0;21;2;4;33;33;22;2;2;0;119;2019
Bulgārija;0;0;0;0;0;19;5;2;1;1;19;0;47;2019
ASV;4;11;43;88;318;422;460;493;309;88;38;32;2306;2019
Kanāda;0;5;12;33;70;77;79;120;58;14;39;11;518;2019
Austrālija;15;11;32;13;57;42;77;129;28;36;12;17;469;2019
Jaunzēlande;0;0;2;3;10;2;12;4;8;2;5;3;51;2019
Japāna;1;0;5;2;44;47;10;47;42;35;6;8;247;2019
Ķīna;1;5;28;3;47;118;57;95;134;122;0;19;629;2019
Indija;0;0;4;0;13;14;12;13;8;7;5;8;84;2019
Izraēla;0;2;0;10;7;25;18;76;12;20;4;10;184;2019
Turcija;0;1;0;0;1;0;10;3;0;9;1;7;32;2019
D-Koreja;2;9;1;24;56;116;43;139;21;21;1;2;435;2019
Brazīlija;2;7;6;4;5;32;6;15;12;7;6;5;107;2019
Honkonga;0;3;3;7;7;12;7;3;11;5;6;2;66;2019
Singapūra;0;0;0;2;0;4;1;10;0;15;0;0;32;2019
Āzija;2;0;0;0;0;0;0;0;0;0;0;0;2;2019
Indonēzija;0;0;0;0;0;0;0;0;1;0;5;0;6;2019
Kipra;0;0;0;2;0;0;0;46;0;0;0;0;48;2019
Gruzija;0;0;0;0;0;0;0;5;0;10;0;0;15;2019
Meksika;1;0;0;2;8;6;2;12;12;4;3;4;54;2019
Malaizija;0;0;1;0;6;1;0;1;2;0;3;3;17;2019
Malta;1;0;0;3;18;5;7;10;1;4;0;3;52;2019
Irāna;0;0;0;0;0;0;0;0;1;0;3;0;4;2019
Argentīna;0;0;0;6;0;0;1;2;0;0;1;0;10;2019
Filipīnas;0;2;0;0;4;0;0;0;0;0;0;3;9;2019
Kuveita;0;0;0;0;0;0;0;0;0;0;0;0;0;2019
Serbija;0;0;0;0;1;0;0;4;5;0;2;0;12;2019
Taizeme;0;0;0;0;1;0;7;5;4;0;0;0;17;2019
Uzbekistāna;0;1;3;0;0;0;0;0;0;0;0;0;4;2019
Vjetnama;0;0;0;0;0;1;0;0;0;1;0;0;2;2019
LaosA;0;0;0;0;0;0;0;0;0;0;0;0;0;2019
Kazahstāna;0;0;3;7;4;4;0;26;1;7;0;0;52;2019
Bolīvija;0;0;0;0;0;0;0;0;0;0;0;0;0;2019
Irāka;0;0;0;0;0;0;0;0;0;0;0;0;0;2019
Taivāna;0;2;4;8;7;21;2;14;26;5;0;0;89;2019
Maroka;0;0;0;0;0;2;1;0;0;1;0;0;4;2019
Moldova / Moldāvija;0;0;4;0;0;0;0;2;0;0;0;0;6;2019
Monako;0;0;0;0;0;0;0;0;0;0;0;0;0;2019
Horvātija;0;0;0;28;0;10;0;0;0;0;0;0;38;2019
Luksemburga;0;0;0;0;0;0;12;2;0;0;0;0;14;2019
Albānija;0;0;0;0;0;0;0;0;0;0;0;0;0;2019
Armēnija;0;0;0;0;0;0;0;0;0;0;1;0;1;2019
Azerbaidžāna;0;0;0;0;0;0;0;8;0;4;0;0;12;2019
Kirgiztāna;0;0;0;0;0;0;0;0;0;0;0;0;0;2019
Ekvadora;0;0;0;0;0;0;0;0;0;0;0;0;0;2019
Nepāla;0;0;0;0;0;0;0;0;0;0;0;0;0;2019
Pakistāna;0;0;0;0;0;0;0;0;0;0;0;0;0;2019
Ēģipte;0;0;0;0;0;0;0;0;0;0;0;0;0;2019
Kolumbija;0;1;0;5;0;0;0;3;0;0;0;0;9;2019
D-Āfrika;1;0;0;0;7;5;1;0;26;0;0;1;41;2019
Aruba sala;0;0;0;0;0;0;0;0;0;0;0;0;0;2019
Dominikāna;0;0;0;0;0;0;0;0;0;0;0;0;0;2019
Venecuēla;0;2;0;0;0;0;0;0;0;0;0;0;2;2019
Čīle;0;0;0;0;1;1;5;3;2;0;0;0;12;2019
Libāna;0;0;0;0;0;0;0;2;0;0;0;0;2;2019
Sīrija;0;0;0;0;5;0;0;0;5;0;0;0;10;2019
Šrilanka;0;0;0;0;0;0;0;0;3;0;0;0;3;2019
Īrija;0;0;4;11;10;15;8;7;10;7;0;0;72;2019
Apvienotie Arābu Emirāti;0;0;0;0;0;0;2;9;0;0;0;0;11;2019
CITA valsts;0;0;0;0;0;0;0;2;4;0;1;0;7;2019
Cilvēku skaits kopā;1737;1691;1763;2840;7035;7598;11997;13565;6493;6389;2614;1532;65254;2019
